<?xml version="1.0"?>
<!--
/**
 * Experro
 * Copyright (C) 2024 Experro <support@experro.com>
 *
 * @category Experro
 * @package Experro_Connect
 * @copyright Copyright (c) 2024 Experro (http://www.experro.com/)
 * @author Experro <support@experro.com>
 */
-->
<routes xmlns:xsi="http://www.w3.org/2001/XMLSchema-instance" xsi:noNamespaceSchemaLocation="../../../../../app/code/Magento/Webapi/etc/webapi.xsd">
    <route method="GET" url="/V1/getAllProductDetails/">
        <service class="Experro\Connect\Api\GetAllProductDetailsInterface" method="getAllProductDetails"/>
        <resources>
            <resource ref="self"/>
        </resources>
    </route>
    <route method="POST" url="/V1/verifyConnectionFromExperro/">
        <service class="Experro\Connect\Api\VerifyConnectionFromExperroInterface" method="verifyConnectionFromExperro"/>
        <resources>
            <resource ref="self"/>
        </resources>
    </route>
    <route method="POST" url="/V1/deleteConnection/">
        <service class="Experro\Connect\Api\DeleteConnectionInterface" method="deleteConnection"/>
        <resources>
            <resource ref="self"/>
        </resources>
    </route>
    <route method="POST" url="/V1/updateStoreCodeFromExperro/">
        <service class="Experro\Connect\Api\UpdateStoreCodeFromExperroInterface" method="updateStoreCodeFromExperro"/>
        <resources>
            <resource ref="self"/>
        </resources>
    </route>
</routes>